"filename", "language", "C#", "UnityShader", "JSON", "Markdown", "XML", "comment", "blank", "total"
"d:\Tuanjie Projects\UGJ2025\Assets\BattleDialogue.cs", "C#", 32, 0, 0, 0, 0, 2, 5, 39
"d:\Tuanjie Projects\UGJ2025\Assets\DialogueCharacterManager.cs", "C#", 58, 0, 0, 0, 0, 12, 7, 77
"d:\Tuanjie Projects\UGJ2025\Assets\DialogueSystem.cs", "C#", 281, 0, 0, 0, 0, 35, 37, 353
"d:\Tuanjie Projects\UGJ2025\Assets\IMG\guochang\WormWiggle.cs", "C#", 18, 0, 0, 0, 0, 2, 3, 23
"d:\Tuanjie Projects\UGJ2025\Assets\IMG\mouse\CursorChange.cs", "C#", 37, 0, 0, 0, 0, 3, 1, 41
"d:\Tuanjie Projects\UGJ2025\Assets\MapGridManager.cs", "C#", 159, 0, 0, 0, 0, 10, 31, 200
"d:\Tuanjie Projects\UGJ2025\Assets\Plugins\Demigiant\DOTweenPro\DOTweenAnimation.cs", "C#", 677, 0, 0, 0, 0, 167, 74, 918
"d:\Tuanjie Projects\UGJ2025\Assets\Plugins\Demigiant\DOTweenPro\DOTweenDeAudio.cs", "C#", 2, 0, 0, 0, 0, 5, 3, 10
"d:\Tuanjie Projects\UGJ2025\Assets\Plugins\Demigiant\DOTweenPro\DOTweenDeUnityExtended.cs", "C#", 2, 0, 0, 0, 0, 5, 3, 10
"d:\Tuanjie Projects\UGJ2025\Assets\Plugins\Demigiant\DOTweenPro\DOTweenPro.Scripts.asmdef", "JSON", 0, 0, 7, 0, 0, 0, 1, 8
"d:\Tuanjie Projects\UGJ2025\Assets\Plugins\Demigiant\DOTweenPro\DOTweenPro.XML", "XML", 0, 0, 0, 0, 80, 0, 1, 81
"d:\Tuanjie Projects\UGJ2025\Assets\Plugins\Demigiant\DOTweenPro\DOTweenProShortcuts.cs", "C#", 55, 0, 0, 0, 0, 21, 15, 91
"d:\Tuanjie Projects\UGJ2025\Assets\Plugins\Demigiant\DOTweenPro\DOTweenTextMeshPro.cs", "C#", 674, 0, 0, 0, 0, 279, 85, 1038
"d:\Tuanjie Projects\UGJ2025\Assets\Plugins\Demigiant\DOTweenPro\DOTweenTk2d.cs", "C#", 160, 0, 0, 0, 0, 70, 18, 248
"d:\Tuanjie Projects\UGJ2025\Assets\Plugins\Demigiant\DOTweenPro\Editor\DOTweenAnimationInspector.cs", "C#", 684, 0, 0, 0, 0, 25, 56, 765
"d:\Tuanjie Projects\UGJ2025\Assets\Plugins\Demigiant\DOTweenPro\Editor\DOTweenPreviewManager.cs", "C#", 218, 0, 0, 0, 0, 17, 31, 266
"d:\Tuanjie Projects\UGJ2025\Assets\Plugins\Demigiant\DOTweenPro\Editor\DOTweenPro.EditorScripts.asmdef", "JSON", 0, 0, 12, 0, 0, 0, 1, 13
"d:\Tuanjie Projects\UGJ2025\Assets\Plugins\Demigiant\DOTweenPro\Editor\DOTweenProEditor.XML", "XML", 0, 0, 0, 0, 18, 0, 1, 19
"d:\Tuanjie Projects\UGJ2025\Assets\Plugins\Demigiant\DOTween\DOTween.XML", "XML", 0, 0, 0, 0, 3089, 0, 1, 3090
"d:\Tuanjie Projects\UGJ2025\Assets\Plugins\Demigiant\DOTween\Editor\DOTweenEditor.XML", "XML", 0, 0, 0, 0, 144, 0, 1, 145
"d:\Tuanjie Projects\UGJ2025\Assets\Plugins\Demigiant\DOTween\Modules\DOTween.Modules.asmdef", "JSON", 0, 0, 3, 0, 0, 0, 1, 4
"d:\Tuanjie Projects\UGJ2025\Assets\Plugins\Demigiant\DOTween\Modules\DOTweenModuleAudio.cs", "C#", 94, 0, 0, 0, 0, 80, 25, 199
"d:\Tuanjie Projects\UGJ2025\Assets\Plugins\Demigiant\DOTween\Modules\DOTweenModuleEPOOutline.cs", "C#", 109, 0, 0, 0, 0, 18, 20, 147
"d:\Tuanjie Projects\UGJ2025\Assets\Plugins\Demigiant\DOTween\Modules\DOTweenModulePhysics.cs", "C#", 137, 0, 0, 0, 0, 60, 20, 217
"d:\Tuanjie Projects\UGJ2025\Assets\Plugins\Demigiant\DOTween\Modules\DOTweenModulePhysics2D.cs", "C#", 125, 0, 0, 0, 0, 51, 18, 194
"d:\Tuanjie Projects\UGJ2025\Assets\Plugins\Demigiant\DOTween\Modules\DOTweenModuleSprite.cs", "C#", 63, 0, 0, 0, 0, 17, 14, 94
"d:\Tuanjie Projects\UGJ2025\Assets\Plugins\Demigiant\DOTween\Modules\DOTweenModuleUI.cs", "C#", 390, 0, 0, 0, 0, 203, 70, 663
"d:\Tuanjie Projects\UGJ2025\Assets\Plugins\Demigiant\DOTween\Modules\DOTweenModuleUnityVersion.cs", "C#", 254, 0, 0, 0, 0, 99, 37, 390
"d:\Tuanjie Projects\UGJ2025\Assets\Plugins\Demigiant\DOTween\Modules\DOTweenModuleUtils.cs", "C#", 123, 0, 0, 0, 0, 27, 18, 168
"d:\Tuanjie Projects\UGJ2025\Assets\Plugins\Demigiant\DemiLib\Core\DemiLib.xml", "XML", 0, 0, 0, 0, 230, 0, 2, 232
"d:\Tuanjie Projects\UGJ2025\Assets\Plugins\Demigiant\DemiLib\Core\Editor\DemiEditor.xml", "XML", 0, 0, 0, 0, 2405, 0, 1, 2406
"d:\Tuanjie Projects\UGJ2025\Assets\SDF Toolkit\Editor\SDFTextureGeneratorWindow.cs", "C#", 156, 0, 0, 0, 0, 10, 26, 192
"d:\Tuanjie Projects\UGJ2025\Assets\SDF Toolkit\SDFTextureGenerator.cs", "C#", 268, 0, 0, 0, 0, 124, 25, 417
"d:\Tuanjie Projects\UGJ2025\Assets\Scripts\.VSCodeCounter\2025-09-26_11-07-53\details.md", "Markdown", 0, 0, 0, 41, 0, 0, 6, 47
"d:\Tuanjie Projects\UGJ2025\Assets\Scripts\.VSCodeCounter\2025-09-26_11-07-53\diff-details.md", "Markdown", 0, 0, 0, 9, 0, 0, 6, 15
"d:\Tuanjie Projects\UGJ2025\Assets\Scripts\.VSCodeCounter\2025-09-26_11-07-53\diff.md", "Markdown", 0, 0, 0, 12, 0, 0, 7, 19
"d:\Tuanjie Projects\UGJ2025\Assets\Scripts\.VSCodeCounter\2025-09-26_11-07-53\results.json", "JSON", 0, 0, 1, 0, 0, 0, 0, 1
"d:\Tuanjie Projects\UGJ2025\Assets\Scripts\.VSCodeCounter\2025-09-26_11-07-53\results.md", "Markdown", 0, 0, 0, 21, 0, 0, 7, 28
"d:\Tuanjie Projects\UGJ2025\Assets\Scripts\.VSCodeCounter\2025-10-11_19-20-37\details.md", "Markdown", 0, 0, 0, 45, 0, 0, 6, 51
"d:\Tuanjie Projects\UGJ2025\Assets\Scripts\.VSCodeCounter\2025-10-11_19-20-37\diff-details.md", "Markdown", 0, 0, 0, 25, 0, 0, 6, 31
"d:\Tuanjie Projects\UGJ2025\Assets\Scripts\.VSCodeCounter\2025-10-11_19-20-37\diff.md", "Markdown", 0, 0, 0, 17, 0, 0, 7, 24
"d:\Tuanjie Projects\UGJ2025\Assets\Scripts\.VSCodeCounter\2025-10-11_19-20-37\results.json", "JSON", 0, 0, 1, 0, 0, 0, 0, 1
"d:\Tuanjie Projects\UGJ2025\Assets\Scripts\.VSCodeCounter\2025-10-11_19-20-37\results.md", "Markdown", 0, 0, 0, 21, 0, 0, 7, 28
"d:\Tuanjie Projects\UGJ2025\Assets\Scripts\.VSCodeCounter\2025-10-18_12-31-01\details.md", "Markdown", 0, 0, 0, 46, 0, 0, 6, 52
"d:\Tuanjie Projects\UGJ2025\Assets\Scripts\.VSCodeCounter\2025-10-18_12-31-01\diff-details.md", "Markdown", 0, 0, 0, 19, 0, 0, 6, 25
"d:\Tuanjie Projects\UGJ2025\Assets\Scripts\.VSCodeCounter\2025-10-18_12-31-01\diff.md", "Markdown", 0, 0, 0, 17, 0, 0, 7, 24
"d:\Tuanjie Projects\UGJ2025\Assets\Scripts\.VSCodeCounter\2025-10-18_12-31-01\results.json", "JSON", 0, 0, 1, 0, 0, 0, 0, 1
"d:\Tuanjie Projects\UGJ2025\Assets\Scripts\.VSCodeCounter\2025-10-18_12-31-01\results.md", "Markdown", 0, 0, 0, 21, 0, 0, 7, 28
"d:\Tuanjie Projects\UGJ2025\Assets\Scripts\Audio\AudioManager.cs", "C#", 100, 0, 0, 0, 0, 2, 20, 122
"d:\Tuanjie Projects\UGJ2025\Assets\Scripts\Audio\Sound.cs", "C#", 9, 0, 0, 0, 0, 0, 3, 12
"d:\Tuanjie Projects\UGJ2025\Assets\Scripts\CameraMove.cs", "C#", 65, 0, 0, 0, 0, 14, 12, 91
"d:\Tuanjie Projects\UGJ2025\Assets\Scripts\CameraShake.cs", "C#", 39, 0, 0, 0, 0, 4, 11, 54
"d:\Tuanjie Projects\UGJ2025\Assets\Scripts\Card.cs", "C#", 290, 0, 0, 0, 0, 15, 66, 371
"d:\Tuanjie Projects\UGJ2025\Assets\Scripts\CardData\CardData.cs", "C#", 47, 0, 0, 0, 0, 5, 10, 62
"d:\Tuanjie Projects\UGJ2025\Assets\Scripts\CardForShow.cs", "C#", 47, 0, 0, 0, 0, 2, 11, 60
"d:\Tuanjie Projects\UGJ2025\Assets\Scripts\CardVisual.cs", "C#", 295, 0, 0, 0, 0, 3, 63, 361
"d:\Tuanjie Projects\UGJ2025\Assets\Scripts\CollectionManager.cs", "C#", 34, 0, 0, 0, 0, 2, 5, 41
"d:\Tuanjie Projects\UGJ2025\Assets\Scripts\CutoffMaskUI.cs", "C#", 17, 0, 0, 0, 0, 0, 2, 19
"d:\Tuanjie Projects\UGJ2025\Assets\Scripts\DeckManager.cs", "C#", 65, 0, 0, 0, 0, 17, 14, 96
"d:\Tuanjie Projects\UGJ2025\Assets\Scripts\DialogueTest\DialogueDataLoader.cs", "C#", 265, 0, 0, 0, 0, 51, 52, 368
"d:\Tuanjie Projects\UGJ2025\Assets\Scripts\DialogueTest\DialogueManager.cs", "C#", 608, 0, 0, 0, 0, 134, 116, 858
"d:\Tuanjie Projects\UGJ2025\Assets\Scripts\DialogueTest\DialogueType.cs", "C#", 331, 0, 0, 0, 0, 48, 47, 426
"d:\Tuanjie Projects\UGJ2025\Assets\Scripts\DialogueTest\DialogueUI.cs", "C#", 441, 0, 0, 0, 0, 118, 102, 661
"d:\Tuanjie Projects\UGJ2025\Assets\Scripts\EndPanel.cs", "C#", 37, 0, 0, 0, 0, 4, 8, 49
"d:\Tuanjie Projects\UGJ2025\Assets\Scripts\GridAddition.cs", "C#", 82, 0, 0, 0, 0, 12, 25, 119
"d:\Tuanjie Projects\UGJ2025\Assets\Scripts\GridState.cs", "C#", 9, 0, 0, 0, 0, 1, 3, 13
"d:\Tuanjie Projects\UGJ2025\Assets\Scripts\HorizontalCardHolder.cs", "C#", 227, 0, 0, 0, 0, 19, 63, 309
"d:\Tuanjie Projects\UGJ2025\Assets\Scripts\ItemInGrid.cs", "C#", 135, 0, 0, 0, 0, 7, 28, 170
"d:\Tuanjie Projects\UGJ2025\Assets\Scripts\Map\LevelSelectRoot.cs", "C#", 29, 0, 0, 0, 0, 1, 5, 35
"d:\Tuanjie Projects\UGJ2025\Assets\Scripts\Map\MapGrid.cs", "C#", 127, 0, 0, 0, 0, 17, 23, 167
"d:\Tuanjie Projects\UGJ2025\Assets\Scripts\Map\PlayerInMap.cs", "C#", 13, 0, 0, 0, 0, 0, 2, 15
"d:\Tuanjie Projects\UGJ2025\Assets\Scripts\PanelManager.cs", "C#", 67, 0, 0, 0, 0, 2, 12, 81
"d:\Tuanjie Projects\UGJ2025\Assets\Scripts\PlayerSwitchManager.cs", "C#", 122, 0, 0, 0, 0, 9, 31, 162
"d:\Tuanjie Projects\UGJ2025\Assets\Scripts\Room\EnemyUnit.cs", "C#", 472, 0, 0, 0, 0, 76, 115, 663
"d:\Tuanjie Projects\UGJ2025\Assets\Scripts\Room\GameGrid.cs", "C#", 228, 0, 0, 0, 0, 9, 45, 282
"d:\Tuanjie Projects\UGJ2025\Assets\Scripts\Room\GridNode.cs", "C#", 16, 0, 0, 0, 0, 0, 3, 19
"d:\Tuanjie Projects\UGJ2025\Assets\Scripts\Room\HealthSystem.cs", "C#", 46, 0, 0, 0, 0, 9, 12, 67
"d:\Tuanjie Projects\UGJ2025\Assets\Scripts\Room\IsoGrid2D.cs", "C#", 470, 0, 0, 0, 0, 44, 122, 636
"d:\Tuanjie Projects\UGJ2025\Assets\Scripts\Room\UnitController.cs", "C#", 309, 0, 0, 0, 0, 13, 76, 398
"d:\Tuanjie Projects\UGJ2025\Assets\Scripts\ShaderCode.cs", "C#", 45, 0, 0, 0, 0, 8, 14, 67
"d:\Tuanjie Projects\UGJ2025\Assets\Scripts\Store.cs", "C#", 24, 0, 0, 0, 0, 2, 8, 34
"d:\Tuanjie Projects\UGJ2025\Assets\Scripts\TurnManager.cs", "C#", 121, 0, 0, 0, 0, 9, 24, 154
"d:\Tuanjie Projects\UGJ2025\Assets\Scripts\UGUIAnimation.cs", "C#", 121, 0, 0, 0, 0, 4, 12, 137
"d:\Tuanjie Projects\UGJ2025\Assets\Scripts\VisualCardsHandler.cs", "C#", 17, 0, 0, 0, 0, 2, 7, 26
"d:\Tuanjie Projects\UGJ2025\Assets\Scripts\_SciptableObjects\CurveParameters.cs", "C#", 9, 0, 0, 0, 0, 0, 2, 11
"d:\Tuanjie Projects\UGJ2025\Assets\Scripts\_Utility\ExtensionMethods.cs", "C#", 7, 0, 0, 0, 0, 0, 2, 9
"d:\Tuanjie Projects\UGJ2025\Assets\ShaderGraph\sdfOutline.shader", "UnityShader", 0, 76, 0, 0, 0, 2, 17, 95
"d:\Tuanjie Projects\UGJ2025\Assets\Shader\Scripts\Color\Blur.shader", "UnityShader", 0, 63, 0, 0, 0, 3, 10, 76
"d:\Tuanjie Projects\UGJ2025\Assets\Shader\Scripts\Color\ColorSwap.shader", "UnityShader", 0, 54, 0, 0, 0, 0, 10, 64
"d:\Tuanjie Projects\UGJ2025\Assets\Shader\Scripts\Color\Fade.shader", "UnityShader", 0, 50, 0, 0, 0, 0, 12, 62
"d:\Tuanjie Projects\UGJ2025\Assets\Shader\Scripts\Color\FadeController.cs", "C#", 35, 0, 0, 0, 0, 0, 5, 40
"d:\Tuanjie Projects\UGJ2025\Assets\Shader\Scripts\Color\Ghost.shader", "UnityShader", 0, 44, 0, 0, 0, 1, 10, 55
"d:\Tuanjie Projects\UGJ2025\Assets\Shader\Scripts\Color\Glitch.shader", "UnityShader", 0, 44, 0, 0, 0, 16, 11, 71
"d:\Tuanjie Projects\UGJ2025\Assets\Shader\Scripts\Color\Glow.shader", "UnityShader", 0, 63, 0, 0, 0, 0, 15, 78
"d:\Tuanjie Projects\UGJ2025\Assets\Shader\Scripts\Color\Gradient.shader", "UnityShader", 0, 51, 0, 0, 0, 1, 9, 61
"d:\Tuanjie Projects\UGJ2025\Assets\Shader\Scripts\Color\Hologram.shader", "UnityShader", 0, 57, 0, 0, 0, 1, 11, 69
"d:\Tuanjie Projects\UGJ2025\Assets\Shader\Scripts\Color\HueShift.shader", "UnityShader", 0, 52, 0, 0, 0, 1, 10, 63
"d:\Tuanjie Projects\UGJ2025\Assets\Shader\Scripts\Color\InnerOutline.shader", "UnityShader", 0, 49, 0, 0, 0, 3, 12, 64
"d:\Tuanjie Projects\UGJ2025\Assets\Shader\Scripts\Color\Outline.shader", "UnityShader", 0, 72, 0, 0, 0, 4, 21, 97
"d:\Tuanjie Projects\UGJ2025\Assets\Shader\Scripts\Color\Pixel.shader", "UnityShader", 0, 42, 0, 0, 0, 2, 8, 52
"d:\Tuanjie Projects\UGJ2025\Assets\Shader\Scripts\Color\Shadow.shader", "UnityShader", 0, 42, 0, 0, 0, 1, 8, 51
"d:\Tuanjie Projects\UGJ2025\Assets\Shader\Scripts\Color\Shine.shader", "UnityShader", 0, 53, 0, 0, 0, 0, 10, 63
"d:\Tuanjie Projects\UGJ2025\Assets\Shader\Scripts\Color\TikTok.shader", "UnityShader", 0, 41, 0, 0, 0, 6, 9, 56
"d:\Tuanjie Projects\UGJ2025\Assets\Shader\Scripts\UV\Distortion.shader", "UnityShader", 0, 49, 0, 0, 0, 1, 9, 59
"d:\Tuanjie Projects\UGJ2025\Assets\Shader\Scripts\UV\Fill.shader", "UnityShader", 0, 46, 0, 0, 0, 4, 9, 59
"d:\Tuanjie Projects\UGJ2025\Assets\Shader\Scripts\UV\FishEye.shader", "UnityShader", 0, 44, 0, 0, 0, 0, 9, 53
"d:\Tuanjie Projects\UGJ2025\Assets\Shader\Scripts\UV\HandDrawn.shader", "UnityShader", 0, 43, 0, 0, 0, 0, 8, 51
"d:\Tuanjie Projects\UGJ2025\Assets\Shader\Scripts\UV\Pinch.shader", "UnityShader", 0, 41, 0, 0, 0, 6, 10, 57
"d:\Tuanjie Projects\UGJ2025\Assets\Shader\Scripts\UV\Scroll.shader", "UnityShader", 0, 40, 0, 0, 0, 1, 8, 49
"d:\Tuanjie Projects\UGJ2025\Assets\Shader\Scripts\UV\Shake.shader", "UnityShader", 0, 42, 0, 0, 0, 0, 8, 50
"d:\Tuanjie Projects\UGJ2025\Assets\Shader\Scripts\UV\Twist.shader", "UnityShader", 0, 48, 0, 0, 0, 2, 9, 59
"d:\Tuanjie Projects\UGJ2025\Assets\Shader\Scripts\UV\Wave.shader", "UnityShader", 0, 47, 0, 0, 0, 4, 9, 60
"d:\Tuanjie Projects\UGJ2025\Assets\Shader\Scripts\UV\Zoom.shader", "UnityShader", 0, 42, 0, 0, 0, 0, 8, 50
"d:\Tuanjie Projects\UGJ2025\Assets\TextMesh Pro\Shaders\TMP_Bitmap-Custom-Atlas.shader", "UnityShader", 0, 109, 0, 0, 0, 2, 33, 144
"d:\Tuanjie Projects\UGJ2025\Assets\TextMesh Pro\Shaders\TMP_Bitmap-Mobile.shader", "UnityShader", 0, 112, 0, 0, 0, 3, 31, 146
"d:\Tuanjie Projects\UGJ2025\Assets\TextMesh Pro\Shaders\TMP_Bitmap.shader", "UnityShader", 0, 109, 0, 0, 0, 2, 33, 144
"d:\Tuanjie Projects\UGJ2025\Assets\TextMesh Pro\Shaders\TMP_SDF Overlay.shader", "UnityShader", 0, 243, 0, 0, 0, 4, 71, 318
"d:\Tuanjie Projects\UGJ2025\Assets\TextMesh Pro\Shaders\TMP_SDF SSD.shader", "UnityShader", 0, 241, 0, 0, 0, 4, 66, 311
"d:\Tuanjie Projects\UGJ2025\Assets\TextMesh Pro\Shaders\TMP_SDF-Mobile Masking.shader", "UnityShader", 0, 188, 0, 0, 0, 10, 50, 248
"d:\Tuanjie Projects\UGJ2025\Assets\TextMesh Pro\Shaders\TMP_SDF-Mobile Overlay.shader", "UnityShader", 0, 183, 0, 0, 0, 8, 50, 241
"d:\Tuanjie Projects\UGJ2025\Assets\TextMesh Pro\Shaders\TMP_SDF-Mobile SSD.shader", "UnityShader", 0, 82, 0, 0, 0, 4, 21, 107
"d:\Tuanjie Projects\UGJ2025\Assets\TextMesh Pro\Shaders\TMP_SDF-Mobile.shader", "UnityShader", 0, 183, 0, 0, 0, 8, 50, 241
"d:\Tuanjie Projects\UGJ2025\Assets\TextMesh Pro\Shaders\TMP_SDF-Surface-Mobile.shader", "UnityShader", 0, 103, 0, 0, 0, 8, 28, 139
"d:\Tuanjie Projects\UGJ2025\Assets\TextMesh Pro\Shaders\TMP_SDF-Surface.shader", "UnityShader", 0, 122, 0, 0, 0, 4, 33, 159
"d:\Tuanjie Projects\UGJ2025\Assets\TextMesh Pro\Shaders\TMP_SDF.shader", "UnityShader", 0, 243, 0, 0, 0, 4, 71, 318
"d:\Tuanjie Projects\UGJ2025\Assets\TextMesh Pro\Shaders\TMP_Sprite.shader", "UnityShader", 0, 97, 0, 0, 0, 0, 20, 117
"d:\Tuanjie Projects\UGJ2025\Assets\TextMesh Pro\Shaders\TMPro.cginc", "UnityShader", 0, 63, 0, 0, 0, 2, 20, 85
"d:\Tuanjie Projects\UGJ2025\Assets\TextMesh Pro\Shaders\TMPro_Mobile.cginc", "UnityShader", 0, 122, 0, 0, 0, 2, 34, 158
"d:\Tuanjie Projects\UGJ2025\Assets\TextMesh Pro\Shaders\TMPro_Properties.cginc", "UnityShader", 0, 62, 0, 0, 0, 10, 14, 86
"d:\Tuanjie Projects\UGJ2025\Assets\TextMesh Pro\Shaders\TMPro_Surface.cginc", "UnityShader", 0, 76, 0, 0, 0, 7, 19, 102
"d:\Tuanjie Projects\UGJ2025\Assets\TextMesh Pro\Sprites\EmojiOne.json", "JSON", 0, 0, 155, 0, 0, 0, 2, 157
"d:\Tuanjie Projects\UGJ2025\Assets\UI\UI_script\NextTurnButtom.cs", "C#", 65, 0, 0, 0, 0, 11, 17, 93
"d:\Tuanjie Projects\UGJ2025\Assets\UI\UI_script\card_preview.cs", "C#", 49, 0, 0, 0, 0, 5, 10, 64
"d:\Tuanjie Projects\UGJ2025\Assets\UI\UI_script\close_UI.cs", "C#", 17, 0, 0, 0, 0, 0, 4, 21
"d:\Tuanjie Projects\UGJ2025\Assets\UI\UI_script\open_bag.cs", "C#", 34, 0, 0, 0, 0, 4, 10, 48
"d:\Tuanjie Projects\UGJ2025\Assets\UI\UI_script\window.cs", "C#", 60, 0, 0, 0, 0, 2, 14, 76
"Total", "-", 10422, 3633, 180, 294, 5966, 2168, 2882, 25545